codigo_ibge;Município;IDHM;IDHM Educação;IDHM Longevidade;IDHM Renda
310010;Abadia dos Dourados;0,689;0,563;0,839;0,693
310020;Abaeté;0,698;0,556;0,848;0,72
310030;Abre Campo;0,654;0,525;0,823;0,646
310040;Acaiaca;0,63;0,499;0,823;0,61
310050;Açucena;0,61;0,451;0,844;0,595
310060;Água Boa;0,576;0,403;0,799;0,594
310070;Água Comprida;0,675;0,498;0,86;0,719
310080;Aguanil;0,663;0,513;0,845;0,672
310090;Águas Formosas;0,645;0,531;0,811;0,624
310100;Águas Vermelhas;0,601;0,458;0,808;0,586
310110;Aimorés;0,684;0,576;0,81;0,685
310120;Aiuruoca;0,668;0,505;0,871;0,677
310130;Alagoa;0,649;0,518;0,832;0,634
310140;Albertina;0,673;0,549;0,813;0,684
310150;Além Paraíba;0,726;0,626;0,857;0,713
310160;Alfenas;0,761;0,712;0,841;0,737
310163;Alfredo Vasconcelos;0,675;0,587;0,834;0,629
310170;Almenara;0,642;0,518;0,803;0,636
310180;Alpercata;0,646;0,521;0,824;0,629
310190;Alpinópolis;0,725;0,629;0,862;0,703
310200;Alterosa;0,668;0,536;0,847;0,657
310205;Alto Caparaó;0,661;0,514;0,842;0,666
310210;Alto Rio Doce;0,62;0,483;0,828;0,595
310220;Alvarenga;0,592;0,441;0,798;0,589
310230;Alvinópolis;0,676;0,577;0,822;0,651
310240;Alvorada de Minas;0,572;0,414;0,794;0,57
310250;Amparo do Serra;0,641;0,528;0,811;0,616
310260;Andradas;0,734;0,617;0,878;0,731
310270;Cachoeira de Pajeú;0,578;0,444;0,771;0,563
310280;Andrelândia;0,7;0,621;0,818;0,675
310285;Angelândia;0,597;0,473;0,756;0,594
310290;Antônio Carlos;0,683;0,584;0,838;0,65
310300;Antônio Dias;0,645;0,507;0,849;0,624
310310;Antônio Prado de Minas;0,684;0,572;0,83;0,674
310320;Araçaí;0,695;0,632;0,805;0,659
310330;Aracitaba;0,661;0,577;0,823;0,608
310340;Araçuaí;0,663;0,56;0,821;0,633
310350;Araguari;0,773;0,716;0,871;0,74
310360;Arantina;0,697;0,641;0,834;0,633
310370;Araponga;0,536;0,339;0,76;0,597
310375;Araporã;0,708;0,646;0,813;0,676
310380;Arapuá;0,724;0,608;0,871;0,718
310390;Araújos;0,698;0,574;0,855;0,694
310400;Araxá;0,772;0,709;0,858;0,756
310410;Arceburgo;0,683;0,573;0,81;0,687
310420;Arcos;0,749;0,671;0,874;0,717
310430;Areado;0,727;0,649;0,847;0,7
310440;Argirita;0,643;0,505;0,817;0,645
310445;Aricanduva;0,582;0,454;0,787;0,553
310450;Arinos;0,656;0,57;0,815;0,607
310460;Astolfo Dutra;0,694;0,567;0,858;0,686
310470;Ataléia;0,588;0,423;0,813;0,592
310480;Augusto de Lima;0,656;0,557;0,815;0,622
310490;Baependi;0,681;0,57;0,833;0,664
310500;Baldim;0,671;0,59;0,787;0,65
310510;Bambuí;0,741;0,636;0,87;0,735
310520;Bandeira;0,599;0,454;0,811;0,583
310530;Bandeira do Sul;0,692;0,608;0,802;0,681
310540;Barão de Cocais;0,722;0,647;0,858;0,679
310550;Barão de Monte Alto;0,649;0,533;0,827;0,619
310560;Barbacena;0,769;0,687;0,881;0,751
310570;Barra Longa;0,624;0,482;0,823;0,613
310590;Barroso;0,734;0,678;0,864;0,675
310600;Bela Vista de Minas;0,674;0,597;0,795;0,644
310610;Belmiro Braga;0,66;0,531;0,83;0,653
310620;Belo Horizonte;0,81;0,737;0,856;0,841
310630;Belo Oriente;0,686;0,606;0,813;0,655
310640;Belo Vale;0,655;0,514;0,814;0,672
310650;Berilo;0,628;0,524;0,816;0,58
310660;Bertópolis;0,594;0,455;0,799;0,576
310665;Berizal;0,604;0,52;0,757;0,56
310670;Betim;0,749;0,687;0,864;0,709
310680;Bias Fortes;0,62;0,495;0,796;0,605
310690;Bicas;0,744;0,667;0,85;0,726
310700;Biquinhas;0,688;0,555;0,857;0,684
310710;Boa Esperança;0,704;0,587;0,855;0,694
310720;Bocaina de Minas;0,645;0,476;0,848;0,665
310730;Bocaiúva;0,7;0,644;0,822;0,648
310740;Bom Despacho;0,75;0,661;0,861;0,742
310750;Bom Jardim de Minas;0,673;0,569;0,822;0,653
310760;Bom Jesus da Penha;0,735;0,662;0,862;0,696
310770;Bom Jesus do Amparo;0,683;0,582;0,834;0,655
310780;Bom Jesus do Galho;0,623;0,491;0,8;0,615
310790;Bom Repouso;0,653;0,523;0,821;0,647
310800;Bom Sucesso;0,692;0,602;0,808;0,68
310810;Bonfim;0,637;0,464;0,834;0,669
310820;Bonfinópolis de Minas;0,678;0,598;0,796;0,655
310825;Bonito de Minas;0,537;0,388;0,776;0,514
310830;Borda da Mata;0,73;0,64;0,865;0,703
310840;Botelhos;0,702;0,568;0,868;0,702
310850;Botumirim;0,602;0,517;0,782;0,54
310855;Brasilândia de Minas;0,674;0,559;0,848;0,646
310860;Brasília de Minas;0,656;0,568;0,813;0,612
310870;Brás Pires;0,625;0,523;0,801;0,582
310880;Braúnas;0,624;0,478;0,802;0,635
310890;Brasópolis;0,692;0,566;0,841;0,697
310900;Brumadinho;0,747;0,639;0,857;0,761
310910;Bueno Brandão;0,658;0,507;0,848;0,662
310920;Buenópolis;0,669;0,579;0,796;0,65
310925;Bugre;0,627;0,511;0,8;0,602
310930;Buritis;0,672;0,558;0,815;0,666
310940;Buritizeiro;0,624;0,524;0,768;0,603
310945;Cabeceira Grande;0,648;0,542;0,788;0,638
310950;Cabo Verde;0,674;0,527;0,847;0,686
310960;Cachoeira da Prata;0,741;0,707;0,834;0,689
310970;Cachoeira de Minas;0,706;0,637;0,821;0,673
310980;Cachoeira Dourada;0,726;0,648;0,85;0,695
310990;Caetanópolis;0,706;0,617;0,845;0,674
311000;Caeté;0,728;0,663;0,844;0,69
311010;Caiana;0,633;0,483;0,833;0,631
311020;Cajuri;0,617;0,487;0,804;0,599
311030;Caldas;0,687;0,529;0,873;0,701
311040;Camacho;0,69;0,612;0,84;0,639
311050;Camanducaia;0,689;0,553;0,837;0,707
311060;Cambuí;0,751;0,674;0,872;0,722
311070;Cambuquira;0,699;0,577;0,856;0,691
311080;Campanário;0,616;0,464;0,831;0,607
311090;Campanha;0,709;0,587;0,849;0,715
311100;Campestre;0,698;0,566;0,843;0,712
311110;Campina Verde;0,704;0,562;0,868;0,714
311115;Campo Azul;0,621;0,546;0,799;0,55
311120;Campo Belo;0,711;0,586;0,868;0,706
311130;Campo do Meio;0,683;0,588;0,827;0,655
311140;Campo Florido;0,706;0,558;0,858;0,735
311150;Campos Altos;0,702;0,582;0,86;0,69
311160;Campos Gerais;0,682;0,58;0,821;0,666
311170;Canaã;0,649;0,532;0,798;0,644
311180;Canápolis;0,722;0,598;0,872;0,721
311190;Cana Verde;0,65;0,512;0,821;0,652
311200;Candeias;0,678;0,537;0,83;0,699
311205;Cantagalo;0,631;0,515;0,816;0,598
311210;Caparaó;0,624;0,473;0,836;0,614
311220;Capela Nova;0,648;0,568;0,797;0,602
311230;Capelinha;0,653;0,527;0,824;0,641
311240;Capetinga;0,675;0,533;0,848;0,68
311250;Capim Branco;0,695;0,604;0,837;0,664
311260;Capinópolis;0,723;0,601;0,841;0,747
311265;Capitão Andrade;0,624;0,478;0,805;0,63
311270;Capitão Enéas;0,639;0,565;0,806;0,573
311280;Capitólio;0,71;0,612;0,825;0,709
311290;Caputira;0,615;0,471;0,809;0,609
311300;Caraí;0,558;0,405;0,781;0,549
311310;Caranaíba;0,634;0,533;0,807;0,593
311320;Carandaí;0,697;0,622;0,821;0,663
311330;Carangola;0,695;0,573;0,837;0,699
311340;Caratinga;0,706;0,603;0,836;0,697
311350;Carbonita;0,638;0,529;0,796;0,617
311360;Careaçu;0,683;0,581;0,824;0,666
311370;Carlos Chagas;0,648;0,513;0,826;0,641
311380;Carmésia;0,65;0,54;0,805;0,631
311390;Carmo da Cachoeira;0,655;0,523;0,801;0,672
311400;Carmo da Mata;0,689;0,572;0,84;0,68
311410;Carmo de Minas;0,682;0,562;0,845;0,668
311420;Carmo do Cajuru;0,71;0,605;0,853;0,695
311430;Carmo do Paranaíba;0,705;0,571;0,861;0,713
311440;Carmo do Rio Claro;0,733;0,649;0,85;0,715
311450;Carmópolis de Minas;0,7;0,582;0,85;0,694
311455;Carneirinho;0,741;0,622;0,873;0,749
311460;Carrancas;0,725;0,632;0,877;0,687
311470;Carvalhópolis;0,724;0,648;0,85;0,688
311480;Carvalhos;0,646;0,492;0,82;0,667
311490;Casa Grande;0,652;0,555;0,823;0,608
311500;Cascalho Rico;0,721;0,604;0,845;0,734
311510;Cássia;0,704;0,576;0,837;0,723
311520;Conceição da Barra de Minas;0,685;0,59;0,815;0,668
311530;Cataguases;0,751;0,685;0,861;0,718
311535;Catas Altas;0,684;0,582;0,828;0,665
311540;Catas Altas da Noruega;0,6;0,46;0,799;0,588
311545;Catuji;0,54;0,382;0,771;0,534
311547;Catuti;0,621;0,549;0,773;0,563
311550;Caxambu;0,743;0,629;0,848;0,77
311560;Cedro do Abaeté;0,678;0,608;0,801;0,641
311570;Central de Minas;0,665;0,54;0,823;0,663
311580;Centralina;0,678;0,558;0,853;0,654
311590;Chácara;0,664;0,512;0,878;0,65
311600;Chalé;0,655;0,561;0,787;0,636
311610;Chapada do Norte;0,598;0,469;0,798;0,571
311615;Chapada Gaúcha;0,635;0,546;0,82;0,573
311620;Chiador;0,711;0,559;0,868;0,742
311630;Cipotânea;0,579;0,437;0,75;0,592
311640;Claraval;0,698;0,584;0,848;0,687
311650;Claro dos Poções;0,67;0,625;0,799;0,601
311660;Cláudio;0,709;0,602;0,846;0,701
311670;Coimbra;0,669;0,558;0,825;0,649
311680;Coluna;0,583;0,43;0,782;0,59
311690;Comendador Gomes;0,697;0,566;0,85;0,703
311700;Comercinho;0,593;0,462;0,797;0,566
311710;Conceição da Aparecida;0,691;0,566;0,847;0,688
311720;Conceição das Pedras;0,668;0,566;0,821;0,642
311730;Conceição das Alagoas;0,712;0,57;0,862;0,734
311740;Conceição de Ipanema;0,676;0,565;0,825;0,664
311750;Conceição do Mato Dentro;0,634;0,517;0,794;0,622
311760;Conceição do Pará;0,7;0,588;0,85;0,687
311770;Conceição do Rio Verde;0,665;0,522;0,834;0,675
311780;Conceição dos Ouros;0,703;0,618;0,842;0,668
311783;Cônego Marinho;0,621;0,544;0,799;0,55
311787;Confins;0,747;0,711;0,83;0,706
311790;Congonhal;0,712;0,626;0,847;0,681
311800;Congonhas;0,753;0,665;0,877;0,732
311810;Congonhas do Norte;0,568;0,433;0,746;0,566
311820;Conquista;0,729;0,618;0,877;0,714
311830;Conselheiro Lafaiete;0,761;0,697;0,86;0,736
311840;Conselheiro Pena;0,662;0,537;0,837;0,646
311850;Consolação;0,673;0,602;0,806;0,627
311860;Contagem;0,756;0,697;0,832;0,745
311870;Coqueiral;0,694;0,601;0,838;0,663
311880;Coração de Jesus;0,642;0,57;0,808;0,575
311890;Cordisburgo;0,656;0,558;0,786;0,644
311900;Cordislândia;0,66;0,544;0,807;0,654
311910;Corinto;0,68;0,562;0,842;0,664
311920;Coroaci;0,626;0,493;0,811;0,613
311930;Coromandel;0,708;0,565;0,86;0,73
311940;Coronel Fabriciano;0,755;0,696;0,865;0,715
311950;Coronel Murta;0,627;0,543;0,784;0,578
311960;Coronel Pacheco;0,669;0,565;0,789;0,673
311970;Coronel Xavier Chaves;0,677;0,563;0,823;0,67
311980;Córrego Danta;0,692;0,575;0,844;0,683
311990;Córrego do Bom Jesus;0,692;0,592;0,84;0,665
311995;Córrego Fundo;0,678;0,597;0,795;0,657
312000;Córrego Novo;0,632;0,525;0,805;0,596
312010;Couto de Magalhães de Minas;0,659;0,592;0,807;0,6
312015;Crisólita;0,585;0,432;0,799;0,579
312020;Cristais;0,692;0,525;0,859;0,736
312030;Cristália;0,583;0,482;0,795;0,518
312040;Cristiano Otoni;0,695;0,626;0,823;0,651
312050;Cristina;0,668;0,55;0,842;0,645
312060;Crucilândia;0,651;0,518;0,816;0,653
312070;Cruzeiro da Fortaleza;0,696;0,562;0,832;0,72
312080;Cruzília;0,695;0,587;0,853;0,671
312083;Cuparaque;0,627;0,497;0,798;0,621
312087;Curral de Dentro;0,585;0,462;0,759;0,571
312090;Curvelo;0,713;0,617;0,851;0,689
312100;Datas;0,616;0,524;0,756;0,59
312110;Delfim Moreira;0,669;0,552;0,837;0,649
312120;Delfinópolis;0,74;0,661;0,872;0,702
312125;Delta;0,639;0,481;0,808;0,672
312130;Descoberto;0,68;0,599;0,798;0,657
312140;Desterro de Entre Rios;0,639;0,536;0,802;0,607
312150;Desterro do Melo;0,631;0,503;0,809;0,618
312160;Diamantina;0,716;0,632;0,839;0,693
312170;Diogo de Vasconcelos;0,601;0,464;0,811;0,578
312180;Dionísio;0,702;0,647;0,821;0,651
312190;Divinésia;0,657;0,559;0,785;0,645
312200;Divino;0,605;0,421;0,823;0,639
312210;Divino das Laranjeiras;0,661;0,571;0,811;0,624
312220;Divinolândia de Minas;0,623;0,495;0,812;0,603
312230;Divinópolis;0,764;0,702;0,844;0,753
312235;Divisa Alegre;0,608;0,515;0,723;0,603
312240;Divisa Nova;0,67;0,57;0,801;0,66
312245;Divisópolis;0,609;0,489;0,802;0,577
312247;Dom Bosco;0,673;0,597;0,815;0,627
312250;Dom Cavati;0,688;0,63;0,784;0,66
312260;Dom Joaquim;0,622;0,482;0,819;0,61
312270;Dom Silvério;0,709;0,636;0,847;0,661
312280;Dom Viçoso;0,687;0,641;0,819;0,617
312290;Dona Eusébia;0,701;0,598;0,841;0,684
312300;Dores de Campos;0,686;0,585;0,823;0,671
312310;Dores de Guanhães;0,636;0,512;0,821;0,612
312320;Dores do Indaiá;0,719;0,623;0,84;0,71
312330;Dores do Turvo;0,629;0,49;0,829;0,613
312340;Doresópolis;0,692;0,585;0,869;0,652
312350;Douradoquara;0,706;0,591;0,847;0,704
312352;Durandé;0,645;0,508;0,842;0,626
312360;Elói Mendes;0,685;0,558;0,838;0,688
312370;Engenheiro Caldas;0,644;0,518;0,815;0,632
312380;Engenheiro Navarro;0,655;0,594;0,791;0,599
312385;Entre Folhas;0,634;0,521;0,792;0,617
312390;Entre Rios de Minas;0,672;0,563;0,802;0,673
312400;Ervália;0,625;0,46;0,828;0,64
312410;Esmeraldas;0,671;0,567;0,822;0,649
312420;Espera Feliz;0,663;0,52;0,846;0,663
312430;Espinosa;0,627;0,526;0,804;0,582
312440;Espírito Santo do Dourado;0,685;0,576;0,847;0,66
312450;Estiva;0,691;0,573;0,848;0,679
312460;Estrela Dalva;0,71;0,574;0,867;0,719
312470;Estrela do Indaiá;0,676;0,521;0,875;0,679
312480;Estrela do Sul;0,696;0,579;0,84;0,694
312490;Eugenópolis;0,675;0,551;0,846;0,66
312500;Ewbank da Câmara;0,676;0,601;0,823;0,625
312510;Extrema;0,732;0,633;0,849;0,729
312520;Fama;0,717;0,61;0,863;0,7
312530;Faria Lemos;0,687;0,598;0,8;0,678
312540;Felício dos Santos;0,606;0,494;0,794;0,568
312550;São Gonçalo do Rio Preto;0,64;0,542;0,815;0,593
312560;Felisburgo;0,583;0,462;0,744;0,577
312570;Felixlândia;0,648;0,514;0,815;0,651
312580;Fernandes Tourinho;0,646;0,55;0,807;0,608
312590;Ferros;0,603;0,428;0,821;0,625
312595;Fervedouro;0,58;0,42;0,796;0,583
312600;Florestal;0,724;0,617;0,845;0,728
312610;Formiga;0,755;0,676;0,874;0,729
312620;Formoso;0,64;0,51;0,834;0,616
312630;Fortaleza de Minas;0,67;0,546;0,805;0,683
312640;Fortuna de Minas;0,696;0,613;0,845;0,651
312650;Francisco Badaró;0,622;0,527;0,793;0,575
312660;Francisco Dumont;0,625;0,513;0,797;0,596
312670;Francisco Sá;0,654;0,572;0,808;0,605
312675;Franciscópolis;0,603;0,471;0,802;0,581
312680;Frei Gaspar;0,59;0,452;0,799;0,569
312690;Frei Inocêncio;0,648;0,559;0,779;0,624
312695;Frei Lagonegro;0,543;0,412;0,749;0,519
312700;Fronteira;0,684;0,53;0,871;0,693
312705;Fronteira dos Vales;0,592;0,46;0,813;0,556
312707;Fruta de Leite;0,544;0,37;0,792;0,548
312710;Frutal;0,73;0,615;0,865;0,73
312720;Funilândia;0,655;0,545;0,844;0,612
312730;Galiléia;0,654;0,546;0,795;0,645
312733;Gameleiras;0,65;0,618;0,796;0,559
312735;Glaucilândia;0,679;0,667;0,812;0,579
312737;Goiabeira;0,647;0,539;0,799;0,628
312738;Goianá;0,716;0,644;0,835;0,682
312740;Gonçalves;0,683;0,57;0,833;0,671
312750;Gonzaga;0,606;0,516;0,774;0,558
312760;Gouveia;0,681;0,609;0,833;0,622
312770;Governador Valadares;0,727;0,644;0,834;0,714
312780;Grão Mogol;0,604;0,482;0,791;0,579
312790;Grupiara;0,731;0,682;0,844;0,679
312800;Guanhães;0,686;0,576;0,82;0,683
312810;Guapé;0,679;0,57;0,831;0,661
312820;Guaraciaba;0,623;0,493;0,794;0,618
312825;Guaraciama;0,677;0,655;0,807;0,586
312830;Guaranésia;0,701;0,589;0,845;0,693
312840;Guarani;0,677;0,533;0,849;0,685
312850;Guarará;0,652;0,532;0,802;0,65
312860;Guarda-Mor;0,69;0,558;0,829;0,709
312870;Guaxupé;0,751;0,659;0,88;0,729
312880;Guidoval;0,683;0,569;0,837;0,669
312890;Guimarânia;0,693;0,592;0,825;0,681
312900;Guiricema;0,674;0,576;0,812;0,654
312910;Gurinhatã;0,68;0,525;0,865;0,691
312920;Heliodora;0,657;0,527;0,822;0,656
312930;Iapu;0,654;0,535;0,819;0,639
312940;Ibertioga;0,657;0,56;0,834;0,606
312950;Ibiá;0,718;0,573;0,877;0,736
312960;Ibiaí;0,614;0,516;0,795;0,565
312965;Ibiracatu;0,591;0,489;0,786;0,537
312970;Ibiraci;0,706;0,591;0,855;0,696
312980;Ibirité;0,704;0,616;0,84;0,673
312990;Ibitiúra de Minas;0,674;0,579;0,802;0,658
313000;Ibituruna;0,675;0,584;0,823;0,639
313005;Icaraí de Minas;0,624;0,533;0,799;0,57
313010;Igarapé;0,698;0,588;0,844;0,686
313020;Igaratinga;0,651;0,481;0,842;0,682
313030;Iguatama;0,707;0,616;0,825;0,695
313040;Ijaci;0,714;0,654;0,84;0,663
313050;Ilicínea;0,68;0,571;0,827;0,665
313055;Imbé de Minas;0,553;0,397;0,744;0,572
313060;Inconfidentes;0,692;0,572;0,843;0,688
313065;Indaiabira;0,61;0,49;0,804;0,575
313070;Indianópolis;0,674;0,554;0,834;0,664
313080;Ingaí;0,697;0,569;0,858;0,694
313090;Inhapim;0,658;0,535;0,829;0,642
313100;Inhaúma;0,702;0,624;0,845;0,657
313110;Inimutaba;0,664;0,579;0,81;0,625
313115;Ipaba;0,665;0,562;0,829;0,63
313120;Ipanema;0,693;0,586;0,848;0,67
313130;Ipatinga;0,771;0,705;0,864;0,752
313140;Ipiaçu;0,696;0,61;0,814;0,68
313150;Ipuiúna;0,686;0,516;0,866;0,723
313160;Iraí de Minas;0,695;0,563;0,847;0,705
313170;Itabira;0,756;0,678;0,873;0,729
313180;Itabirinha;0,653;0,531;0,838;0,625
313190;Itabirito;0,73;0,638;0,828;0,737
313200;Itacambira;0,628;0,55;0,791;0,57
313210;Itacarambi;0,641;0,564;0,787;0,593
313220;Itaguara;0,691;0,567;0,836;0,697
313230;Itaipé;0,552;0,388;0,759;0,57
313240;Itajubá;0,787;0,718;0,884;0,767
313250;Itamarandiba;0,646;0,547;0,798;0,618
313260;Itamarati de Minas;0,688;0,572;0,841;0,677
313270;Itambacuri;0,634;0,527;0,784;0,616
313280;Itambé do Mato Dentro;0,634;0,513;0,823;0,605
313290;Itamogi;0,674;0,568;0,81;0,665
313300;Itamonte;0,705;0,591;0,853;0,695
313310;Itanhandu;0,739;0,643;0,871;0,72
313320;Itanhomi;0,65;0,503;0,831;0,656
313330;Itaobim;0,629;0,516;0,787;0,613
313340;Itapagipe;0,723;0,603;0,861;0,728
313350;Itapecerica;0,713;0,618;0,846;0,692
313360;Itapeva;0,72;0,607;0,878;0,699
313370;Itatiaiuçu;0,677;0,563;0,833;0,661
313375;Itaú de Minas;0,776;0,711;0,862;0,761
313380;Itaúna;0,758;0,685;0,85;0,749
313390;Itaverava;0,627;0,496;0,811;0,613
313400;Itinga;0,6;0,484;0,797;0,559
313410;Itueta;0,635;0,485;0,825;0,64
313420;Ituiutaba;0,739;0,644;0,84;0,745
313430;Itumirim;0,726;0,675;0,84;0,675
313440;Iturama;0,747;0,674;0,848;0,73
313450;Itutinga;0,727;0,622;0,878;0,703
313460;Jaboticatubas;0,681;0,543;0,837;0,694
313470;Jacinto;0,62;0,496;0,807;0,595
313480;Jacuí;0,668;0,54;0,81;0,682
313490;Jacutinga;0,715;0,586;0,864;0,722
313500;Jaguaraçu;0,679;0,548;0,856;0,667
313505;Jaíba;0,638;0,531;0,789;0,619
313507;Jampruca;0,609;0,479;0,781;0,605
313510;Janaúba;0,696;0,649;0,796;0,654
313520;Januária;0,658;0,568;0,82;0,611
313530;Japaraíba;0,721;0,656;0,844;0,677
313535;Japonvar;0,608;0,514;0,786;0,556
313540;Jeceaba;0,661;0,544;0,844;0,629
313545;Jenipapo de Minas;0,624;0,52;0,793;0,588
313550;Jequeri;0,601;0,451;0,794;0,607
313560;Jequitaí;0,643;0,552;0,797;0,605
313570;Jequitibá;0,689;0,492;0,854;0,777
313580;Jequitinhonha;0,615;0,461;0,817;0,619
313590;Jesuânia;0,658;0,507;0,831;0,675
313600;Joaíma;0,587;0,448;0,789;0,572
313610;Joanésia;0,626;0,495;0,803;0,616
313620;João Monlevade;0,758;0,708;0,849;0,724
313630;João Pinheiro;0,697;0,63;0,788;0,683
313640;Joaquim Felício;0,637;0,489;0,824;0,642
313650;Jordânia;0,628;0,506;0,797;0,613
313652;José Gonçalves de Minas;0,632;0,553;0,764;0,597
313655;José Raydan;0,617;0,493;0,799;0,596
313657;Josenópolis;0,564;0,424;0,782;0,541
313660;Nova União;0,662;0,568;0,818;0,624
313665;Juatuba;0,717;0,649;0,849;0,67
313670;Juiz de Fora;0,778;0,711;0,844;0,784
313680;Juramento;0,669;0,617;0,808;0,601
313690;Juruaia;0,723;0,553;0,86;0,794
313695;Juvenília;0,592;0,501;0,776;0,535
313700;Ladainha;0,541;0,391;0,754;0,537
313710;Lagamar;0,718;0,637;0,839;0,692
313720;Lagoa da Prata;0,732;0,655;0,832;0,72
313730;Lagoa dos Patos;0,634;0,556;0,773;0,593
313740;Lagoa Dourada;0,676;0,554;0,828;0,672
313750;Lagoa Formosa;0,703;0,582;0,832;0,717
313753;Lagoa Grande;0,679;0,568;0,812;0,678
313760;Lagoa Santa;0,777;0,693;0,857;0,79
313770;Lajinha;0,661;0,541;0,81;0,659
313780;Lambari;0,711;0,596;0,871;0,693
313790;Lamim;0,655;0,546;0,828;0,623
313800;Laranjal;0,714;0,613;0,857;0,694
313810;Lassance;0,629;0,511;0,795;0,614
313820;Lavras;0,782;0,719;0,88;0,757
313830;Leandro Ferreira;0,71;0,579;0,875;0,707
313835;Leme do Prado;0,67;0,64;0,779;0,602
313840;Leopoldina;0,726;0,635;0,867;0,696
313850;Liberdade;0,672;0,537;0,834;0,679
313860;Lima Duarte;0,71;0,59;0,861;0,705
313862;Limeira do Oeste;0,71;0,62;0,834;0,693
313865;Lontra;0,646;0,577;0,794;0,589
313867;Luisburgo;0,608;0,455;0,809;0,61
313868;Luislândia;0,614;0,509;0,799;0,568
313870;Luminárias;0,678;0,578;0,821;0,656
313880;Luz;0,724;0,63;0,833;0,723
313890;Machacalis;0,64;0,552;0,783;0,607
313900;Machado;0,715;0,6;0,848;0,719
313910;Madre de Deus de Minas;0,699;0,598;0,856;0,667
313920;Malacacheta;0,618;0,505;0,768;0,609
313925;Mamonas;0,618;0,537;0,779;0,565
313930;Manga;0,642;0,53;0,799;0,624
313940;Manhuaçu;0,689;0,563;0,839;0,692
313950;Manhumirim;0,697;0,589;0,846;0,679
313960;Mantena;0,675;0,575;0,803;0,666
313970;Maravilhas;0,672;0,558;0,845;0,645
313980;Mar de Espanha;0,684;0,558;0,825;0,694
313990;Maria da Fé;0,702;0,637;0,842;0,646
314000;Mariana;0,742;0,664;0,874;0,705
314010;Marilac;0,615;0,488;0,781;0,609
314015;Mário Campos;0,699;0,604;0,833;0,68
314020;Maripá de Minas;0,68;0,555;0,847;0,668
314030;Marliéria;0,657;0,537;0,838;0,629
314040;Marmelópolis;0,65;0,553;0,806;0,615
314050;Martinho Campos;0,669;0,515;0,844;0,688
314053;Martins Soares;0,635;0,512;0,809;0,619
314055;Mata Verde;0,581;0,45;0,749;0,581
314060;Materlândia;0,597;0,497;0,769;0,557
314070;Mateus Leme;0,704;0,604;0,839;0,688
314080;Matias Barbosa;0,72;0,616;0,862;0,703
314085;Matias Cardoso;0,616;0,501;0,799;0,584
314090;Matipó;0,631;0,511;0,78;0,63
314100;Mato Verde;0,662;0,61;0,789;0,604
314110;Matozinhos;0,731;0,654;0,864;0,69
314120;Matutina;0,707;0,552;0,859;0,744
314130;Medeiros;0,711;0,584;0,851;0,722
314140;Medina;0,624;0,475;0,821;0,624
314150;Mendes Pimentel;0,626;0,518;0,768;0,617
314160;Mercês;0,664;0,515;0,831;0,683
314170;Mesquita;0,656;0,555;0,796;0,638
314180;Minas Novas;0,633;0,528;0,802;0,6
314190;Minduri;0,658;0,56;0,805;0,631
314200;Mirabela;0,665;0,622;0,794;0,596
314210;Miradouro;0,663;0,546;0,827;0,645
314220;Miraí;0,68;0,567;0,837;0,663
314225;Miravânia;0,593;0,492;0,781;0,544
314230;Moeda;0,638;0,494;0,8;0,657
314240;Moema;0,721;0,629;0,848;0,703
314250;Monjolos;0,65;0,548;0,819;0,612
314260;Monsenhor Paulo;0,721;0,654;0,839;0,682
314270;Montalvânia;0,613;0,492;0,799;0,586
314280;Monte Alegre de Minas;0,674;0,516;0,848;0,699
314290;Monte Azul;0,659;0,578;0,811;0,611
314300;Monte Belo;0,688;0,567;0,847;0,677
314310;Monte Carmelo;0,728;0,62;0,868;0,716
314315;Monte Formoso;0,541;0,396;0,765;0,523
314320;Monte Santo de Minas;0,71;0,595;0,874;0,689
314330;Montes Claros;0,77;0,744;0,868;0,707
314340;Monte Sião;0,724;0,59;0,878;0,732
314345;Montezuma;0,587;0,425;0,809;0,587
314350;Morada Nova de Minas;0,696;0,59;0,83;0,688
314360;Morro da Garça;0,648;0,538;0,816;0,619
314370;Morro do Pilar;0,597;0,422;0,809;0,622
314380;Munhoz;0,647;0,52;0,821;0,634
314390;Muriaé;0,734;0,634;0,853;0,731
314400;Mutum;0,644;0,511;0,822;0,635
314410;Muzambinho;0,74;0,652;0,859;0,723
314420;Nacip Raydan;0,585;0,377;0,831;0,64
314430;Nanuque;0,701;0,609;0,85;0,666
314435;Naque;0,675;0,592;0,822;0,632
314437;Natalândia;0,671;0,557;0,846;0,641
314440;Natércia;0,693;0,612;0,805;0,677
314450;Nazareno;0,69;0,597;0,83;0,662
314460;Nepomuceno;0,667;0,549;0,822;0,658
314465;Ninheira;0,556;0,418;0,784;0,525
314467;Nova Belém;0,592;0,481;0,768;0,563
314470;Nova Era;0,709;0,639;0,825;0,675
314480;Nova Lima;0,813;0,704;0,885;0,864
314490;Nova Módica;0,63;0,527;0,779;0,61
314500;Nova Ponte;0,701;0,562;0,835;0,734
314505;Nova Porteirinha;0,641;0,556;0,811;0,584
314510;Nova Resende;0,671;0,525;0,839;0,687
314520;Nova Serrana;0,715;0,597;0,864;0,709
314530;Novo Cruzeiro;0,571;0,415;0,797;0,562
314535;Novo Oriente de Minas;0,555;0,4;0,754;0,568
314537;Novorizonte;0,616;0,5;0,804;0,582
314540;Olaria;0,636;0,49;0,823;0,638
314545;Olhos-d'Água;0,626;0,498;0,812;0,607
314550;Olímpio Noronha;0,674;0,577;0,809;0,656
314560;Oliveira;0,699;0,587;0,842;0,691
314570;Oliveira Fortes;0,635;0,523;0,794;0,616
314580;Onça de Pitangui;0,663;0,559;0,806;0,646
314585;Oratórios;0,637;0,5;0,824;0,627
314587;Orizânia;0,562;0,414;0,778;0,551
314590;Ouro Branco;0,764;0,68;0,872;0,753
314600;Ouro Fino;0,722;0,622;0,861;0,703
314610;Ouro Preto;0,741;0,677;0,834;0,721
314620;Ouro Verde de Minas;0,595;0,459;0,789;0,582
314625;Padre Carvalho;0,599;0,471;0,795;0,575
314630;Padre Paraíso;0,596;0,478;0,797;0,556
314640;Paineiras;0,669;0,526;0,824;0,691
314650;Pains;0,728;0,616;0,874;0,717
314655;Pai Pedro;0,59;0,52;0,76;0,52
314660;Paiva;0,72;0,672;0,845;0,657
314670;Palma;0,703;0,623;0,841;0,663
314675;Palmópolis;0,565;0,437;0,738;0,559
314690;Papagaios;0,666;0,545;0,833;0,65
314700;Paracatu;0,744;0,685;0,854;0,704
314710;Pará de Minas;0,725;0,628;0,848;0,715
314720;Paraguaçu;0,715;0,623;0,85;0,69
314730;Paraisópolis;0,729;0,657;0,852;0,692
314740;Paraopeba;0,694;0,625;0,793;0,674
314750;Passabém;0,642;0,533;0,787;0,631
314760;Passa Quatro;0,715;0,623;0,86;0,683
314770;Passa Tempo;0,687;0,594;0,808;0,676
314780;Passa-Vinte;0,648;0,507;0,809;0,662
314790;Passos;0,756;0,658;0,886;0,741
314795;Patis;0,614;0,534;0,787;0,55
314800;Patos de Minas;0,765;0,698;0,855;0,749
314810;Patrocínio;0,729;0,628;0,852;0,723
314820;Patrocínio do Muriaé;0,682;0,576;0,796;0,691
314830;Paula Cândido;0,637;0,497;0,823;0,632
314840;Paulistas;0,625;0,521;0,791;0,593
314850;Pavão;0,627;0,507;0,813;0,599
314860;Peçanha;0,627;0,497;0,787;0,63
314870;Pedra Azul;0,627;0,518;0,797;0,596
314875;Pedra Bonita;0,573;0,457;0,74;0,557
314880;Pedra do Anta;0,624;0,466;0,821;0,636
314890;Pedra do Indaiá;0,708;0,611;0,843;0,688
314900;Pedra Dourada;0,655;0,539;0,827;0,631
314910;Pedralva;0,675;0,563;0,807;0,677
314915;Pedras de Maria da Cruz;0,614;0,521;0,787;0,564
314920;Pedrinópolis;0,729;0,631;0,855;0,719
314930;Pedro Leopoldo;0,757;0,7;0,856;0,723
314940;Pedro Teixeira;0,637;0,555;0,794;0,587
314950;Pequeri;0,694;0,557;0,868;0,692
314960;Pequi;0,674;0,564;0,808;0,672
314970;Perdigão;0,703;0,579;0,843;0,711
314980;Perdizes;0,723;0,571;0,88;0,752
314990;Perdões;0,744;0,661;0,878;0,71
314995;Periquito;0,651;0,555;0,839;0,593
315000;Pescador;0,656;0,552;0,831;0,615
315010;Piau;0,629;0,467;0,824;0,647
315015;Piedade de Caratinga;0,612;0,477;0,773;0,621
315020;Piedade de Ponte Nova;0,639;0,528;0,802;0,616
315030;Piedade do Rio Grande;0,678;0,593;0,82;0,64
315040;Piedade dos Gerais;0,626;0,453;0,84;0,645
315050;Pimenta;0,686;0,556;0,832;0,697
315053;Pingo-d'Água;0,619;0,529;0,744;0,603
315057;Pintópolis;0,594;0,469;0,799;0,56
315060;Piracema;0,646;0,515;0,809;0,646
315070;Pirajuba;0,723;0,588;0,858;0,748
315080;Piranga;0,6;0,461;0,799;0,585
315090;Piranguçu;0,685;0,599;0,806;0,666
315100;Piranguinho;0,717;0,651;0,841;0,672
315110;Pirapetinga;0,709;0,624;0,841;0,68
315120;Pirapora;0,731;0,68;0,828;0,693
315130;Piraúba;0,684;0,564;0,843;0,673
315140;Pitangui;0,725;0,617;0,87;0,711
315150;Piumhi;0,737;0,625;0,878;0,729
315160;Planura;0,712;0,597;0,852;0,711
315170;Poço Fundo;0,691;0,541;0,866;0,705
315180;Poços de Caldas;0,779;0,706;0,872;0,768
315190;Pocrane;0,626;0,5;0,799;0,614
315200;Pompéu;0,689;0,564;0,834;0,694
315210;Ponte Nova;0,717;0,608;0,848;0,714
315213;Ponto Chique;0,606;0,493;0,797;0,565
315217;Ponto dos Volantes;0,595;0,478;0,781;0,564
315220;Porteirinha;0,651;0,585;0,796;0,593
315230;Porto Firme;0,634;0,516;0,804;0,615
315240;Poté;0,624;0,515;0,809;0,584
315250;Pouso Alegre;0,774;0,704;0,872;0,755
315260;Pouso Alto;0,71;0,573;0,847;0,736
315270;Prados;0,689;0,574;0,865;0,66
315280;Prata;0,695;0,536;0,852;0,736
315290;Pratápolis;0,729;0,639;0,862;0,703
315300;Pratinha;0,721;0,607;0,871;0,71
315310;Presidente Bernardes;0,632;0,521;0,804;0,603
315320;Presidente Juscelino;0,614;0,483;0,796;0,603
315330;Presidente Kubitschek;0,595;0,468;0,787;0,573
315340;Presidente Olegário;0,701;0,611;0,831;0,679
315350;Alto Jequitibá;0,66;0,554;0,787;0,66
315360;Prudente de Morais;0,69;0,629;0,795;0,658
315370;Quartel Geral;0,683;0,557;0,846;0,677
315380;Queluzito;0,682;0,575;0,823;0,669
315390;Raposos;0,73;0,661;0,832;0,706
315400;Raul Soares;0,655;0,52;0,823;0,658
315410;Recreio;0,692;0,589;0,841;0,668
315415;Reduto;0,629;0,48;0,801;0,647
315420;Resende Costa;0,685;0,568;0,823;0,689
315430;Resplendor;0,67;0,543;0,833;0,666
315440;Ressaquinha;0,683;0,599;0,834;0,638
315445;Riachinho;0,632;0,551;0,795;0,577
315450;Riacho dos Machados;0,627;0,547;0,808;0,557
315460;Ribeirão das Neves;0,684;0,591;0,822;0,658
315470;Ribeirão Vermelho;0,737;0,675;0,85;0,699
315480;Rio Acima;0,673;0,508;0,87;0,689
315490;Rio Casca;0,65;0,519;0,813;0,651
315500;Rio Doce;0,664;0,567;0,801;0,644
315510;Rio do Prado;0,605;0,479;0,807;0,573
315520;Rio Espera;0,602;0,474;0,801;0,575
315530;Rio Manso;0,648;0,501;0,802;0,676
315540;Rio Novo;0,707;0,631;0,835;0,671
315550;Rio Paranaíba;0,709;0,575;0,855;0,725
315560;Rio Pardo de Minas;0,624;0,52;0,798;0,586
315570;Rio Piracicaba;0,685;0,605;0,794;0,67
315580;Rio Pomba;0,714;0,609;0,863;0,694
315590;Rio Preto;0,679;0,557;0,847;0,665
315600;Rio Vermelho;0,558;0,389;0,787;0,566
315610;Ritápolis;0,653;0,526;0,815;0,649
315620;Rochedo de Minas;0,684;0,569;0,849;0,663
315630;Rodeiro;0,668;0,532;0,797;0,703
315640;Romaria;0,708;0,604;0,813;0,722
315645;Rosário da Limeira;0,662;0,548;0,812;0,653
315650;Rubelita;0,582;0,443;0,808;0,552
315660;Rubim;0,609;0,469;0,817;0,589
315670;Sabará;0,731;0,67;0,833;0,699
315680;Sabinópolis;0,638;0,502;0,812;0,637
315690;Sacramento;0,732;0,619;0,871;0,726
315700;Salinas;0,679;0,551;0,815;0,697
315710;Salto da Divisa;0,608;0,453;0,846;0,586
315720;Santa Bárbara;0,707;0,642;0,816;0,676
315725;Santa Bárbara do Leste;0,613;0,473;0,8;0,608
315727;Santa Bárbara do Monte Verde;0,606;0,438;0,823;0,617
315730;Santa Bárbara do Tugúrio;0,637;0,517;0,81;0,616
315733;Santa Cruz de Minas;0,706;0,636;0,839;0,66
315737;Santa Cruz de Salinas;0,577;0,463;0,757;0,548
315740;Santa Cruz do Escalvado;0,625;0,485;0,815;0,618
315750;Santa Efigênia de Minas;0,607;0,487;0,793;0,579
315760;Santa Fé de Minas;0,615;0,492;0,804;0,589
315765;Santa Helena de Minas;0,567;0,474;0,723;0,531
315770;Santa Juliana;0,706;0,558;0,868;0,726
315780;Santa Luzia;0,715;0,625;0,859;0,682
315790;Santa Margarida;0,61;0,455;0,785;0,635
315800;Santa Maria de Itabira;0,648;0,533;0,821;0,622
315810;Santa Maria do Salto;0,613;0,507;0,765;0,593
315820;Santa Maria do Suaçuí;0,64;0,511;0,817;0,629
315830;Santana da Vargem;0,698;0,587;0,85;0,681
315840;Santana de Cataguases;0,694;0,655;0,793;0,643
315850;Santana de Pirapama;0,628;0,493;0,816;0,617
315860;Santana do Deserto;0,651;0,493;0,849;0,66
315870;Santana do Garambéu;0,667;0,558;0,822;0,648
315880;Santana do Jacaré;0,647;0,523;0,79;0,655
315890;Santana do Manhuaçu;0,621;0,475;0,809;0,622
315895;Santana do Paraíso;0,685;0,552;0,878;0,663
315900;Santana do Riacho;0,665;0,551;0,834;0,641
315910;Santana dos Montes;0,647;0,557;0,801;0,608
315920;Santa Rita de Caldas;0,69;0,576;0,823;0,693
315930;Santa Rita de Jacutinga;0,682;0,567;0,826;0,676
315935;Santa Rita de Minas;0,613;0,464;0,791;0,627
315940;Santa Rita de Ibitipoca;0,63;0,505;0,793;0,625
315950;Santa Rita do Itueto;0,607;0,472;0,779;0,609
315960;Santa Rita do Sapucaí;0,721;0,62;0,83;0,727
315970;Santa Rosa da Serra;0,705;0,583;0,866;0,695
315980;Santa Vitória;0,71;0,576;0,865;0,718
315990;Santo Antônio do Amparo;0,672;0,576;0,823;0,641
316000;Santo Antônio do Aventureiro;0,671;0,545;0,841;0,66
316010;Santo Antônio do Grama;0,633;0,493;0,823;0,626
316020;Santo Antônio do Itambé;0,558;0,408;0,794;0,537
316030;Santo Antônio do Jacinto;0,574;0,427;0,772;0,575
316040;Santo Antônio do Monte;0,724;0,615;0,84;0,736
316045;Santo Antônio do Retiro;0,57;0,469;0,784;0,504
316050;Santo Antônio do Rio Abaixo;0,669;0,591;0,823;0,616
316060;Santo Hipólito;0,657;0,536;0,824;0,641
316070;Santos Dumont;0,741;0,697;0,847;0,688
316080;São Bento Abade;0,672;0,581;0,801;0,651
316090;São Brás do Suaçuí;0,664;0,541;0,801;0,675
316095;São Domingos das Dores;0,638;0,539;0,8;0,602
316100;São Domingos do Prata;0,69;0,593;0,823;0,674
316105;São Félix de Minas;0,62;0,51;0,795;0,589
316110;São Francisco;0,638;0,542;0,804;0,595
316120;São Francisco de Paula;0,66;0,537;0,812;0,66
316130;São Francisco de Sales;0,688;0,528;0,867;0,711
316140;São Francisco do Glória;0,663;0,541;0,833;0,647
316150;São Geraldo;0,651;0,507;0,831;0,656
316160;São Geraldo da Piedade;0,6;0,447;0,774;0,625
316165;São Geraldo do Baixio;0,63;0,482;0,824;0,631
316170;São Gonçalo do Abaeté;0,67;0,568;0,796;0,665
316180;São Gonçalo do Pará;0,689;0,57;0,842;0,682
316190;São Gonçalo do Rio Abaixo;0,667;0,569;0,792;0,658
316200;São Gonçalo do Sapucaí;0,715;0,609;0,85;0,706
316210;São Gotardo;0,736;0,632;0,855;0,739
316220;São João Batista do Glória;0,724;0,631;0,845;0,713
316225;São João da Lagoa;0,634;0,546;0,813;0,575
316230;São João da Mata;0,653;0,501;0,822;0,676
316240;São João da Ponte;0,569;0,419;0,786;0,559
316245;São João das Missões;0,529;0,381;0,776;0,502
316250;São João del Rei;0,758;0,69;0,86;0,733
316255;São João do Manhuaçu;0,65;0,498;0,836;0,659
316257;São João do Manteninha;0,64;0,522;0,805;0,623
316260;São João do Oriente;0,648;0,536;0,805;0,631
316265;São João do Pacuí;0,625;0,504;0,798;0,606
316270;São João do Paraíso;0,615;0,493;0,808;0,583
316280;São João Evangelista;0,638;0,52;0,806;0,62
316290;São João Nepomuceno;0,708;0,6;0,85;0,696
316292;São Joaquim de Bicas;0,662;0,518;0,844;0,664
316294;São José da Barra;0,739;0,637;0,876;0,722
316295;São José da Lapa;0,729;0,679;0,844;0,677
316300;São José da Safira;0,583;0,432;0,765;0,6
316310;São José da Varginha;0,704;0,597;0,857;0,682
316320;São José do Alegre;0,717;0,652;0,837;0,676
316330;São José do Divino;0,658;0,583;0,778;0,627
316340;São José do Goiabal;0,666;0,553;0,814;0,657
316350;São José do Jacuri;0,566;0,417;0,749;0,582
316360;São José do Mantimento;0,657;0,562;0,823;0,612
316370;São Lourenço;0,759;0,673;0,871;0,746
316380;São Miguel do Anta;0,644;0,523;0,828;0,616
316390;São Pedro da União;0,674;0,539;0,836;0,68
316400;São Pedro dos Ferros;0,659;0,576;0,789;0,631
316410;São Pedro do Suaçuí;0,622;0,501;0,785;0,611
316420;São Romão;0,64;0,568;0,787;0,586
316430;São Roque de Minas;0,672;0,517;0,838;0,699
316440;São Sebastião da Bela Vista;0,692;0,569;0,848;0,687
316443;São Sebastião da Vargem Alegre;0,66;0,552;0,827;0,631
316447;São Sebastião do Anta;0,607;0,49;0,766;0,597
316450;São Sebastião do Maranhão;0,581;0,427;0,816;0,564
316460;São Sebastião do Oeste;0,626;0,434;0,832;0,678
316470;São Sebastião do Paraíso;0,722;0,613;0,836;0,735
316480;São Sebastião do Rio Preto;0,632;0,472;0,809;0,662
316490;São Sebastião do Rio Verde;0,676;0,568;0,845;0,645
316500;São Tiago;0,662;0,533;0,825;0,66
316510;São Tomás de Aquino;0,7;0,568;0,874;0,692
316520;São Thomé das Letras;0,667;0,578;0,801;0,64
316530;São Vicente de Minas;0,715;0,644;0,845;0,673
316540;Sapucaí-Mirim;0,68;0,563;0,842;0,664
316550;Sardoá;0,636;0,533;0,812;0,594
316553;Sarzedo;0,734;0,643;0,871;0,706
316555;Setubinha;0,542;0,4;0,743;0,536
316556;Sem-Peixe;0,654;0,543;0,826;0,623
316557;Senador Amaral;0,661;0,564;0,821;0,623
316560;Senador Cortes;0,674;0,534;0,834;0,689
316570;Senador Firmino;0,644;0,505;0,829;0,639
316580;Senador José Bento;0,684;0,585;0,824;0,663
316590;Senador Modestino Gonçalves;0,62;0,539;0,782;0,566
316600;Senhora de Oliveira;0,631;0,521;0,801;0,603
316610;Senhora do Porto;0,565;0,378;0,802;0,595
316620;Senhora dos Remédios;0,626;0,548;0,776;0,578
316630;Sericita;0,56;0,375;0,776;0,602
316640;Seritinga;0,66;0,512;0,853;0,657
316650;Serra Azul de Minas;0,557;0,398;0,809;0,537
316660;Serra da Saudade;0,677;0,542;0,863;0,663
316670;Serra dos Aimorés;0,651;0,539;0,784;0,653
316680;Serra do Salitre;0,696;0,549;0,852;0,722
316690;Serrania;0,677;0,569;0,833;0,655
316695;Serranópolis de Minas;0,633;0,539;0,773;0,608
316700;Serranos;0,643;0,499;0,834;0,638
316710;Serro;0,656;0,52;0,834;0,65
316720;Sete Lagoas;0,76;0,705;0,84;0,742
316730;Silveirânia;0,652;0,511;0,841;0,645
316740;Silvianópolis;0,699;0,559;0,865;0,706
316750;Simão Pereira;0,638;0,478;0,843;0,645
316760;Simonésia;0,632;0,493;0,823;0,622
316770;Sobrália;0,631;0,51;0,805;0,611
316780;Soledade de Minas;0,697;0,606;0,831;0,673
316790;Tabuleiro;0,681;0,578;0,821;0,666
316800;Taiobeiras;0,67;0,578;0,815;0,639
316805;Taparuba;0,645;0,557;0,799;0,604
316810;Tapira;0,712;0,561;0,847;0,759
316820;Tapiraí;0,667;0,522;0,847;0,67
316830;Taquaraçu de Minas;0,651;0,525;0,818;0,643
316840;Tarumirim;0,633;0,499;0,829;0,614
316850;Teixeiras;0,675;0,558;0,804;0,685
316860;Teófilo Otoni;0,701;0,598;0,824;0,698
316870;Timóteo;0,77;0,742;0,836;0,737
316880;Tiradentes;0,74;0,619;0,885;0,741
316890;Tiros;0,683;0,532;0,852;0,703
316900;Tocantins;0,688;0,597;0,8;0,682
316905;Tocos do Moji;0,696;0,631;0,808;0,661
316910;Toledo;0,661;0,546;0,802;0,66
316920;Tombos;0,718;0,607;0,871;0,699
316930;Três Corações;0,744;0,66;0,855;0,73
316935;Três Marias;0,752;0,695;0,866;0,706
316940;Três Pontas;0,731;0,643;0,85;0,714
316950;Tumiritinga;0,626;0,482;0,827;0,615
316960;Tupaciguara;0,719;0,605;0,863;0,711
316970;Turmalina;0,682;0,602;0,816;0,646
316980;Turvolândia;0,696;0,576;0,829;0,707
316990;Ubá;0,724;0,62;0,841;0,727
317000;Ubaí;0,609;0,519;0,787;0,552
317005;Ubaporanga;0,614;0,475;0,805;0,604
317010;Uberaba;0,772;0,705;0,845;0,772
317020;Uberlândia;0,789;0,716;0,885;0,776
317030;Umburatiba;0,638;0,531;0,815;0,599
317040;Unaí;0,736;0,651;0,847;0,723
317043;União de Minas;0,672;0,534;0,829;0,684
317047;Uruana de Minas;0,664;0,602;0,793;0,612
317050;Urucânia;0,633;0,498;0,811;0,628
317052;Urucuia;0,619;0,543;0,781;0,559
317057;Vargem Alegre;0,631;0,486;0,819;0,631
317060;Vargem Bonita;0,696;0,597;0,847;0,667
317065;Vargem Grande do Rio Pardo;0,634;0,559;0,811;0,563
317070;Varginha;0,778;0,707;0,875;0,76
317075;Varjão de Minas;0,711;0,631;0,847;0,673
317080;Várzea da Palma;0,666;0,573;0,814;0,634
317090;Varzelândia;0,594;0,477;0,806;0,546
317100;Vazante;0,742;0,666;0,866;0,707
317103;Verdelândia;0,584;0,462;0,797;0,542
317107;Veredinha;0,632;0,555;0,785;0,579
317110;Veríssimo;0,667;0,501;0,869;0,683
317115;Vermelho Novo;0,612;0,475;0,79;0,61
317120;Vespasiano;0,688;0,592;0,811;0,677
317130;Viçosa;0,775;0,696;0,883;0,758
317140;Vieiras;0,668;0,592;0,808;0,623
317150;Mathias Lobato;0,612;0,483;0,795;0,596
317160;Virgem da Lapa;0,61;0,488;0,797;0,585
317170;Virgínia;0,651;0,523;0,829;0,635
317180;Virginópolis;0,675;0,58;0,831;0,638
317190;Virgolândia;0,62;0,497;0,795;0,602
317200;Visconde do Rio Branco;0,709;0,591;0,85;0,709
317210;Volta Grande;0,669;0,531;0,841;0,669
317220;Wenceslau Braz;0,678;0,576;0,842;0,644
